{"rp_xsig1_ysig_met2_drmax1": {"postfit": [3.2222550943106376, -1.0045318756657522, 1.2998770208008252], "prefit": [2.5855507827684043, -1.0596869060931318, 1.5468750645213787], "significance": [0.6129679135424035, 0, 0]}, "rp_xsig1_ysig_met2_drmax0": {"postfit": [1.1559960389577317, -0.5451218286465465, 0.8659530383339152], "prefit": [0.41911399841795816, -0.26985374760871944, 0.6104498550473783], "significance": [0.606636993141428, 0, 0]}, "rp_xsig0_ysig_met2_drmax0": {"postfit": [0.7170284658809667, -0.3290211093771564, 0.5334049476161469], "prefit": [0.06352777471766657, -0.04450378336328008, 0.11497712349634967], "significance": [3.588692052046496, 0, 0]}, "rp_xsig0_ysig_met2_drmax1": {"postfit": [12.757416490841715, -2.249796954001191, 2.5972364563732433], "prefit": [11.511868197450438, -2.736445549522242, 3.407323736193368], "significance": [0.5182008722203101, 0, 0]}, "rp_xsig1_ysig_met1_drmax0": {"postfit": [1.6197016256319885, -0.4823765291433451, 0.6483374056213839], "prefit": [1.259931893673531, -0.43620268870829815, 0.6241356942380385], "significance": [1.1478594038833412, 0, 0]}, "rp_xsig1_ysig_met1_drmax1": {"postfit": [33.19525061074036, -3.8788158489042006, 4.241053792373274], "prefit": [28.319197668212535, -4.845353282970093, 5.6089284390544405], "significance": [1.1940263967439866, 0, 0]}, "rp_xsig1_ysig_met3_drmax0": {"postfit": [0.7792038498198883, -0.4326429122532298, 0.7646129887191642], "prefit": [0.6720056088119708, -0.4602079308749849, 1.0968440312987333], "significance": [0.2740428269325347, 0, 0]}, "rp_xsig1_ysig_met3_drmax1": {"postfit": [1.2678756778633193, -0.6259244065799509, 0.9778373724307222], "prefit": [2.602853598531566, -1.3606458132364465, 2.3798694423914046], "significance": [-1.7537544503303353, 0, 0]}, "rp_xsig0_ysig_met1_drmax1": {"postfit": [91.536340057466, -6.4945562176172995, 6.859925570578007], "prefit": [90.43920405340475, -8.95301589177161, 9.728573578057686], "significance": [0.04237986882820005, 0, 0]}, "rp_xsig0_ysig_met1_drmax0": {"postfit": [2.3094276903037745, -0.5713745708151101, 0.7327426139034128], "prefit": [2.171081349275752, -0.6028431070790532, 0.7928426839540497], "significance": [-0.10384329370776955, 0, 0]}, "rp_xsig0_ysig_met0_drmax0": {"postfit": [5.882022181276567, -1.1955590573744026, 1.4052406336870267], "prefit": [5.06276849174808, -1.2659254090117598, 1.6035966353357474], "significance": [0.9836877596440836, 0, 0]}, "rp_xsig0_ysig_met0_drmax1": {"postfit": [149.73569820625966, -8.484147453073502, 8.857406430547758], "prefit": [160.57081281506356, -12.7339732232631, 13.560563891517745], "significance": [-0.9988941612561142, 0, 0]}, "rp_xsig1_ysig_met0_drmax1": {"postfit": [54.09453641175776, -5.242558782417345, 5.6413488163864525], "prefit": [53.5293079432404, -7.760851639425264, 8.781940173498242], "significance": [0.04618714067911893, 0, 0]}, "rp_xsig1_ysig_met0_drmax0": {"postfit": [2.576373272337932, -0.6717096190038043, 0.8548174546364015], "prefit": [2.6811509946124437, -0.7871362985004887, 1.0635950016931885], "significance": [-1.0634327618800763, 0, 0]}, "rp_xsig0_ysig_met3_drmax1": {"postfit": [2.809681506728083, -1.0379662758792028, 1.4218184769300124], "prefit": [2.7507867367540255, -1.3960701868736265, 2.339998724457104], "significance": [0.09478896316758509, 0, 0]}, "rp_xsig0_ysig_met3_drmax0": {"postfit": [0.5165648400935874, -0.3457074500656954, 0.6471193288828894], "prefit": [0.8853173313152429, -0.6008729795394103, 1.4167081961328662], "significance": [-0.7410872013703796, 0, 0]}}